modelo,accuracy_score,balanced_accuracy_score,average_precision_score,brier_score_loss,f1_score,log_loss,precision_score,recall_score,jaccard_score,roc_auc_score_macro,roc_auc_score_micro,roc_auc_score_weighted,roc_auc_score_samples,kaggle_score
prueba,0.0,0.0,0.0,0.0,0.0,0.0,0.0,0.0,0.0,0.0,0.0,0.0,0.0,0.0
RFNOcity_TDummies_MinMax_SVSMOTE,0.8632905890023908,0.863263827635544,0.812728818300507,0.13670941099760922,0.8647020864702086,4.721833127483327,0.8589743589743589,0.8705067128627111,0.7616521409624858,0.8632638276355439,0.8632638276355439,0.8632638276355439,0.8632638276355439,0.68532
RF_city_TDummies_MinMax_SMOTE,0.8686051595977263,0.8686021416564571,0.8199689830129568,0.13139484040227373,0.868172844922132,4.538269106553458,0.8691260430390865,0.8672217353198949,0.7670542635658915,0.8686021416564571,0.8686021416564571,0.8686021416564571,0.8686021416564571,0.68332
Stacking_rf_log_city_NDrop_TDummies_MinMax_BSMOTE,0.8675120244862266,0.8675037435396218,0.819265868898663,0.1324879755137735,0.866754617414248,4.576024131298159,0.8698146513680495,0.8637160385626643,0.7648428405122235,0.8675037435396219,0.8675037435396219,0.8675037435396219,0.8675037435396219,0.62167
Logistic_NOcity_TDummies_SMOTE,0.8165616170397739,0.8166586927093844,0.7653562817622642,0.18343838296022605,0.812194036493102,6.33579985489665,0.8352402745995423,0.7903854482459939,0.6837766953915324,0.8166586927093843,0.8166586927093843,0.8166586927093843,0.8166586927093843,0.67982
NN_NOcity_TDummies_SMOTE,0.8176483373179744,0.8176900163787351,0.7633173286196979,0.18235166268202566,0.8161297392066623,6.298271427412019,0.8260869565217391,0.8064097011693374,0.689374305812662,0.817690016378735,0.817690016378735,0.817690016378735,0.817690016378735,0.64601
RF_NOcity_TDummies_SVSMOTE,0.8385133666594219,0.8384718118720509,0.7824360645673467,0.16148663334057814,0.8407970859224342,5.577619539665507,0.8320610687022901,0.8497184928540493,0.7253234750462108,0.8384718118720508,0.8384718118720508,0.8384718118720508,0.8384718118720508,0.70534
